sentences,type
हिना के लिए एक कैब बुक करें,1
पुस्ती दोषी के लिए एक कैब बुक करें,1
मीठी के लिए बुक कैब,1
कृपया भागीराथ चंडोला के लिए कैब बुक करें,1
पुस्तक कैब के लिए इंद्रनील से डेहरी से चरखी दादरी तक,1
मैं तिरुपति हवाई अड्डे पर जाना चाहूंगा,1
मैं हरदोई जाना चाहूंगा,1
क्या मैं जालना से सहारा इंडिया परिवार तक एक टैक्सी बुक कर सकता हूं,1
छिंदवाड़ा से धुबरी तक एक टैक्सी बुक करें,1
मेरे लिए एक टैक्सी व्यवस्थित करने के लिए भेदचल,1
मार्च से बुक टैक्सी आरा से जाली ग्रांट एयरपोर्ट,1
देवनिका के लिए एक कैब बुक करें,1
नीलकांत पेवर के लिए एक कैब बुक करें,1
रवि के लिए पुस्तक कैब,1
मेनका नायर के लिए कृपया कैब बुक करें,1
उमा से उरमा से जशपुर तक बुक कैब,1
मैं जैसलमेर हवाई अड्डे पर जाना चाहूंगा,1
मैं परिहार जाना चाहूंगा,1
क्या मैं घरौंडा से युस्कवरीज समूह तक एक टैक्सी बुक कर सकता हूं,1
बिजनौर से रायचूर तक एक टैक्सी बुक करें,1
मेरे लिए जैनगर को एक टैक्सी व्यवस्थित करें,1
मार्च से बुक टैक्सी मालदा से जामनगर हवाई अड्डे तक,1
लोकपरकाश के लिए एक कैब बुक करें,1
कृष्णा हलदर के लिए एक कैब बुक करें,1
कालीनडी के लिए पुस्तक कैब,1
तुषार धार के लिए कृपया कैब बुक करें,1
बीकानेर से उन्नाव तक राशि के लिए पुस्तक कैब,1
मैं वाराणसी हवाई अड्डे पर जाना चाहूंगा,1
मैं वडोदरा जाना चाहूंगा,1
क्या मैं संबलपुर से जेट एयरवेज तक एक टैक्सी बुक कर सकता हूं,1
तेजपुर से मोतिहारी तक एक टैक्सी बुक करें,1
ऋषिकेश के लिए मेरे लिए एक टैक्सी व्यवस्थित करें,1
बुक टैक्सी से दिसम्बर सेहाट से कुल्लू एयरपोर्ट तक,1
Chatrica के लिए एक कैब बुक करें,1
इंदिरा थापर के लिए एक कैब बुक करें,1
मीना के लिए पुस्तक कैब,1
तीर्थ खोंडकर के लिए कृपया कैब बुक करें,1
बुक कैब फॉर एर से भड़ौच से जशपुर तक,1
मैं छत्रपति जाना चाहता हूं महाराज शिवाजी अंतरराष्ट्रीय हवाई अड्डे,1
मैं रायबरेली जाना चाहूंगा,1
क्या मैं रायबरेली से हीरो होंडा तक एक टैक्सी बुक कर सकता हूं,1
हनम सेडा से कैरा तक एक टैक्सी बुक करें,1
मेरे लिए एक टैक्सी व्यवस्थित करने के लिए अराकोणम,1
बुकर टैक्सी पर वीरवार से हुबली से बिलासपुर एयरपोर्ट तक,1
भाग्यलक्ष्मी के लिए एक कैब बुक करें,1
चंद्रा पतंग के लिए एक कैब बुक करें,1
रवि के लिए पुस्तक कैब,1
पूजा तिरुमूलप के लिए कृपया कैब बुक करें,1
बुक कैब फॉर कल्पिता से जांगीपुर से देवरिया तक,1
मैं छत्रपति जाना चाहता हूं महाराज शिवाजी अंतरराष्ट्रीय हवाई अड्डे,1
मैं होशियारपुर जाना चाहूंगा,1
क्या मैं तेनाली से हीरो होंडा तक एक टैक्सी बुक कर सकता हूं,1
डेहरी से सुतालानगंज तक एक टैक्सी बुक करें,1
बहराईच के लिए मेरे लिए एक टैक्सी व्यवस्थित करें,1
बुक टैक्सी से रविवार से लेकर जबलपुर हवाई अड्डे तक,1
नेदा के लिए एक कैब बुक करें,1
सत्यवती खन्ना के लिए एक कैब बुक करें,1
दिवाकर के लिए पुस्तक कैब,1
कृपया ऋषभ हरी के लिए कैब बुक करें,1
कोलार से जसीडीह तक नम्रता के लिए पुस्तक कैब,1
मैं तिरुपति हवाई अड्डे पर जाना चाहूंगा,1
मैं इटावा जाना चाहूंगा,1
क्या मैं बगहा से भारती इंटरप्राइजेज तक एक टैक्सी बुक कर सकता हूं,1
मुम्बई से पोरबंदर तक एक टैक्सी बुक करें,1
गुड़गांव के लिए मेरे लिए एक टैक्सी व्यवस्थित करें,1
बुधवार को बुक टैक्सी से मैगो से श्रीनगर हवाई अड्डे तक,1
पल्लवी के लिए एक कैब बुक करें,1
रंजन दश के लिए एक कैब बुक करें,1
हर्षिनी के लिए पुस्तक कैब,1
कामिनी जंपना के लिए कृपया कैब बुक करें,1
किताब कैब के लिए उष्मा से हरदोई से सासाराम तक,1
मैं वाराणसी हवाई अड्डे पर जाना चाहूंगा,1
मैं जयनगर जाना चाहूंगा,1
क्या मैं बहरीईच से वीडियोकॉन तक एक टैक्सी बुक कर सकता हूं,1
राजमहल से मछलीपट्टनम तक एक टैक्सी बुक करें,1
आगरा के लिए मेरे लिए एक टैक्सी व्यवस्थित करें,1
बोधगया से राजमुंदरी एयरपोर्ट तक शनिचर पर पुस्तक टैक्सी,1
सुकुमार के लिए एक कैब बुक करें,1
वत्सल सिंह के लिए एक कैब बुक करें,1
करुका के लिए पुस्तक कैब,1
मधुलिका द्विवेदी के लिए कृपया कैब बुक करें,1
जम्मगीपुर से तेनाली तक यशोधरा के लिए पुस्तक कैब,1
मैं राष्ट्रीय हवाई अड्डे पर जाना चाहूंगा,1
मैं मेरथ जाना चाहूंगा,1
क्या मैं एक टैक्सी बुक कर सकता हूं अगरतला से नेशनल थर्मल पावर निगम (एनटीपीसी),1
ईटानगर से अररिया तक एक टैक्सी बुक करें,1
मेरे लिए एक टैक्सी आयोजित करें सरायकेला खरसांवां,1
शनिवार को बुक टैक्सी आपकुर से बिरसा मुंडा हवाई अड्डे तक,1
कृति के लिए एक कैब बुक करें,1
अभिए चंदावरकर के लिए एक कैब बुक करें,1
वैशाली के लिए पुस्तक कैब,1
संदीप वानगपंडु के लिए कृपया कैब बुक करें,1
पुस्तक कैब फॉर सृमोंटिनी से देवास से मधुबनी तक,1
मैं चंडीगढ़ हवाई अड्डे पर जाना चाहूंगा,1
मैं जूनागढ़ जाना चाहूंगा,1
क्या मैं जोधपुर से लार्सन ऐंड टुब्रो तक एक टैक्सी बुक कर सकता हूं,1
घाटशिला से नंददेड़ तक एक टैक्सी बुक करें,1
मेरे लिए एक टैक्सी व्यवस्थित करने के लिए बिहिया,1
पुस्तक टैक्सी पर वीरवार से पतरातू से लेकरननगर हवाई अड्डे तक,1
विष्णु के लिए एक कैब बुक करें,1
संचीता संकरमंची के लिए एक कैब बुक करें,1
अमोल के लिए पुस्तक कैब,1
कृपया पार्ता मराज के लिए कैब बुक करें,1
पोर्ट ब्लेयर से भीनमाल तक सम्राट के लिए बुक कैब,1
मैं राजा साँसी हवाई अंतरराष्ट्रीय हवाई अड्डे पर जाना चाहूंगा,1
मैं जगदलपुर जाना चाहूंगा,1
क्या मैं चक्रधरपुर से जिंदल स्टील तक एक टैक्सी बुक कर सकता हूं,1
भद्राचल से लामडिंग तक एक टैक्सी बुक करें,1
मंदसौर के लिए मेरे लिए एक टैक्सी व्यवस्थित करें,1
शनिवार को सीतापुर से कोयंबतूर एयरपोर्ट तक बुक टैक्सी,1
गुरु के लिए एक कैब बुक करें,1
हरिलाल मुदरता के लिए एक कैब बुक करें,1
रूपिन के लिए पुस्तक कैब,1
विजय पलाला के लिए कृपया कैब बुक करें,1
पुस्तक कैब के लिए इल से कोल्हापुर से लखीसराय तक,1
मैं बिरसा मुंडा हवाई अड्डे पर जाना चाहूंगा,1
मैं इंफाल जाना चाहूंगा,1
क्या मैं प्रदीपेट से यूनियन बैंक तक एक टैक्सी बुक कर सकता हूं,1
चुनार से करनाल तक एक टैक्सी बुक करें,1
मेरे लिए एक टैक्सी व्यवस्थित करने के लिए अंबाला,1
शिवगंगा से बिरसा मुंडा एयरपोर्ट तक शनिचर पर पुस्तक टैक्सी,1
शैलेंद्र के लिए एक कैब बुक करें,1
मनु सेठी के लिए एक कैब बुक करें,1
हिमानी के लिए पुस्तक कैब,1
एक्चूमति बपत के लिए कृपया कैब बुक करें,1
filalaur से पटियाला तक निर्मल के लिए पुस्तक कैब,1
मैं कानपुर हवाई अड्डे पर जाना चाहूंगा,1
मैं हापुड़ जाना चाहूंगा,1
क्या मैं चक्रधरपुर से अपोलो अस्पताल तक एक टैक्सी बुक कर सकता हूं,1
राजकोट से घोड़ीघर तक एक टैक्सी बुक करें,1
आदिलाबाद के लिए मेरे लिए एक टैक्सी व्यवस्थित करें,1
शुक्रवार को बुकका टैक्सी से कालका से बिलासपुर हवाई अड्डे तक,1
विक्रमेंडरा के लिए एक कैब बुक करें,1
जानु लाला के लिए एक कैब बुक करें,1
मणिशंकर के लिए पुस्तक कैब,1
शैला मल्होत्रा ​​के लिए कृपया कैब बुक करें,1
जोगबनी से इंडिपेट तक भूमि के लिए पुस्तक कैब,1
मैं गगगल हवाई अड्डे पर जाना चाहूंगा,1
मैं दिसपुर जाना चाहूंगा,1
क्या मैं शोलापुर से अदानी समूह तक एक टैक्सी बुक कर सकता हूं,1
बरौनी से इटावा तक एक टैक्सी बुक करें,1
हाफ लांग के लिए मेरे लिए एक टैक्सी व्यवस्थित करें,1
अक्टूबर से बुक टैक्सी लोहरदग्गा से जम्मू हवाई अड्डे तक,1
प्रेमल के लिए एक कैब बुक करें,1
सुदेवी डी'कोस्टा के लिए एक कैब बुक करें,1
उर्मिला के लिए पुस्तक कैब,1
शशांक भार्गवा के लिए कृपया कैब बुक करें,1
चित्तौड़गढ़ से कुरुक्षेत्र तक स्वागत के लिए पुस्तक कैब,1
मैं अन्ना अंतरराष्ट्रीय हवाई अड्डे पर जाना चाहूंगा,1
मैं झरिया जाना चाहूंगा,1
क्या मैं गुड़गांव से हीरो होंडा तक एक टैक्सी बुक कर सकता हूं,1
रेवाड़ी से किर्ति बिगहा तक एक टैक्सी बुक करें,1
मेरे लिए एक टैक्सी व्यवस्थित करें,1
मई से बाल्टी टैक्सी से बारामती से कालिकट एयरपोर्ट तक,1
मेघा के लिए एक कैब बुक करें,1
शिवानी बोबल के लिए एक कैब बुक करें,1
मंजरी के लिए पुस्तक कैब,1
सुदेशना बिजनिया के लिए कृपया कैब बुक करें,1
जौनपुर से सिरसा तक मालती के लिए पुस्तक कैब,1
मैं जामनगर हवाई अड्डे पर जाना चाहूंगा,1
मैं बाँका जाना चाहूंगा,1
क्या मैं कानपुर से पत्नी कंप्यूटर्स तक एक टैक्सी बुक कर सकता हूं,1
मुर्शिदाबाद से राजपुर तक एक टैक्सी बुक करें,1
मेरे लिए वारंगल में एक टैक्सी व्यवस्थित करें,1
जुलाई से बुक टैक्सी आरा से तेजू हवाई अड्डे तक,1
कबीन के लिए एक कैब बुक करें,1
कमालिका लखानी के लिए एक कैब बुक करें,1
कामदेव के लिए पुस्तक कैब,1
कैलाश घोष के लिए कृपया कैब बुक करें,1
पबवी के लिए अमरोहा से गोरखपुर तक पुस्तक कैब,1
मैं ग्वालियर एयरपोर्ट पर जाना चाहूंगा,1
मैं बारामती जाना चाहूंगा,1
क्या मैं महाराजगंज से इफको तक एक टैक्सी बुक कर सकता हूं,1
अमलापुरम से बारीपदा तक एक टैक्सी बुक करें,1
मेरे लिए एक टैक्सी व्यवस्थित करने के लिए जोगबनी,1
फरवरी में बुक टैक्सी से शिवगंगा से विजयवाड़ा हवाई अड्डे तक,1
एकता के लिए एक कैब बुक करें,1
गिरिराज पटवारी के लिए एक कैब बुक करें,1
अनुपमा के लिए पुस्तक कैब,1
कृपया चारबारा पुंतांबेकर के लिए कैब बुक करें,1
पुस्तक कैब के लिए देबसरिता से चूरू से ढेंकनाल तक,1
मैं कानपुर हवाई अड्डे पर जाना चाहूंगा,1
मैं बुरहानपुर जाना चाहूंगा,1
क्या मैं बरौनी से इंडिया पेट्रोलियम तक एक टैक्सी बुक कर सकता हूं,1
रुद्रप्रयाग से लखीमपुर-खीरी तक एक टैक्सी बुक करें,1
अनन्तनाग के लिए मेरे लिए एक टैक्सी व्यवस्थित करें,1
जून से बुक टैक्सी पंसकुड़ा से सोनेगाँव हवाई अड्डे तक,1
विश्वजीत के लिए एक कैब बुक करें,1
सोना बेदी के लिए एक कैब बुक करें,1
कुंजल के लिए पुस्तक कैब,1
कृष्णा लब्बे के लिए कृपया कैब बुक करें,1
किताब कैब के लिए जयंती से मूरी से राजमपेट तक,1
मैं भावनगर हवाई अड्डे पर जाना चाहूंगा,1
मैं चास जाना चाहूंगा,1
क्या मैं अमलापुरम से बैंक ऑफ बड़ौदा तक एक टैक्सी बुक कर सकता हूं,1
पंचकुला से नंददयाल तक एक टैक्सी बुक करें,1
आगरा के लिए मेरे लिए एक टैक्सी व्यवस्थित करें,1
कपड़वंज से जबलपुर हवाई अड्डे तक जून में बुक टैक्सी,1
केतकी के लिए एक कैब बुक करें,1
सम्राट भामरा के लिए एक कैब बुक करें,1
अनंतम के लिए पुस्तक कैब,1
प्रहलाद बोरह के लिए कृपया कैब बुक करें,1
पुस्तक कैब फॉर वांमाला से मैंगलोर से चक्रधरपुर तक,1
मैं कोटा हवाई अड्डे पर जाना चाहूंगा,1
मैं राजकोट जाना चाहूंगा,1
क्या मैं सारनाथ से गेल तक एक टैक्सी बुक कर सकता हूं,1
उडुपी से बांसकाठा तक एक टैक्सी बुक करें,1
मेरे लिए टैक्सी व्यवस्थित करने के लिए एक टैक्सी व्यवस्थित करें,1
नम्बरोंडा से हुबली हवाई अड्डे तक दिसम्बर को बुक टैक्सी,1
अगहनशीनी के लिए एक कैब बुक करें,1
हार्दिका बैग के लिए एक कैब बुक करें,1
पद्मा के लिए पुस्तक कैब,1
राजन तोता के लिए कृपया कैब बुक करें,1
बुक कैब के लिए शत्रुंज से बालाघाट से छिंदवाड़ा तक,1
मैं उमरोई हवाई अड्डे पर जाना चाहूंगा,1
मैं जादूगोड़ा जाना चाहूंगा,1
क्या मैं बहरीच से आईसीआईसीआई बैंक तक एक टैक्सी बुक कर सकता हूं,1
सारगपो से हाथरस तक एक टैक्सी बुक करें,1
शिवकाशी के लिए मेरे लिए एक टैक्सी व्यवस्थित करें,1
शनिवार को बुक टैक्सी से पूर्वी चंपारण से सोनारी एयरपोर्ट तक,1
शाश्वत के लिए एक कैब बुक करें,1
विक्रांत एल के लिए एक कैब बुक करें,1
रूपिन के लिए पुस्तक कैब,1
स्नेहल केपर के लिए कैब बुक करें,1
किताब कैब के लिए उत्पल से जामाडोबा से नगरकुरनूल तक,1
मैं कोटा हवाई अड्डे पर जाना चाहूंगा,1
मैं तिरुअनन्तपुरम जाना चाहूंगा,1
क्या मैं सिरी से भारत पेट्रोलियम तक एक टैक्सी बुक कर सकता हूं,1
झाज़ा से मंगलदोई तक एक टैक्सी बुक करें,1
मेरे लिए एक टैक्सी व्यवस्थित करने के लिए गासावाँ,1
बुक टैक्सी पर बृहस्पतिवार से तिरुअनन्तपुरम से लेह हवाई अड्डे तक,1
कलावती के लिए एक कैब बुक करें,1
अरका ठुकराल के लिए एक कैब बुक करें,1
जसराज के लिए पुस्तक कैब,1
कृपया प्रमत के लिए कैब बुक करें,1
काजल से काजल से बेतिया से मुजफ्फरपुर तक बुक करें,1
मैं शिमला हवाई अड्डे पर जाना चाहूंगा,1
मैं राजमपेट जाना चाहूंगा,1
क्या मैं झुमरी तिलैया से भारतीय इस्पात प्राधिकरण तक एक टैक्सी बुक कर सकता हूं,1
मैथन से हाफलांग तक एक टैक्सी बुक करें,1
मेरे लिए उन्माद के लिए एक टैक्सी व्यवस्थित करें,1
फरवरी से सिरी से चेन्नई तक बुक टैक्सीगा हवाई अड्डे,1
मंजरी के लिए एक कैब बुक करें,1
वैशाली के लिए एक कैब बुक करें मजूमदार,1
मारला के लिए पुस्तक कैब,1
कृपया दक्ष के लिए कैब बुक करें मल्लादी,1
बुक कैब फॉर रुक्मिणी से चिक्कोड़ी से नेल्लोर तक,1
मैं नेताजी सुभाषचंद्र बोस अंतरराष्ट्रीय हवाई अड्डे पर जाना चाहूंगा,1
मैं हासन जाना चाहूंगा,1
क्या मैं घरौंडा से लार्सन ऐंड टुब्रो तक एक टैक्सी बुक कर सकता हूं,1
दौसा से दुमका तक एक टैक्सी बुक करें,1
झाबुआ के लिए मेरे लिए एक टैक्सी व्यवस्थित करें,1
जुलाई से बुक टैक्सी बेतिया से लेकर अंतरराष्ट्रीय हवाई अड्डे तक,1
सृनीवास के लिए एक कैब बुक करें,1
ऋषभ रद्दीर के लिए एक कैब बुक करें,1
विद्याधर के लिए पुस्तक कैब,1
अमृता गायों के लिए कृपया कैब बुक करें,1
श्वेतंग से देवघर से पुलवामा तक बुक कैब,1
मैं ग्वालियर एयरपोर्ट पर जाना चाहूंगा,1
मैं झांझारपुर जाना चाहूंगा,1
क्या मैं कालीबोर से एनआईआईटी तक एक टैक्सी बुक कर सकता हूं,1
गुवाहाटी से सिरसा तक एक टैक्सी बुक करें,1
मेरे लिए सोनपुर में एक टैक्सी व्यवस्थित करें,1
अक्टूबर से थाणे से इंदिरा गाँधी अंतरराष्ट्रीय हवाई अड्डे पर बुक टैक्सी,1
शैलेश के लिए एक कैब बुक करें,1
गिटिका चिया के लिए एक कैब बुक करें,1
पल्लवी के लिए पुस्तक कैब,1
रंजीत पालीवाल के लिए कृपया कैब बुक करें,1
निकुंज से निकरंज तक बुक कैब से ग्रेटर नोएडा,1
मैं बीजू पटनायक हवाई अड्डे पर जाना चाहूंगा,1
मैं दिसपुर जाना चाहूंगा,1
क्या मैं धनबाद से नेवेली लिग्नाइट निगम तक एक टैक्सी बुक कर सकता हूं,1
मथुरा से अनन्तनाग तक एक टैक्सी बुक करें,1
मेरे लिए एक टैक्सी व्यवस्थित करें श्रीकाकुलम,1
अप्रैल से बुक टैक्सी तिरुनावेली से ग्वालियर एयरपोर्ट,1
निरुपमा के लिए एक कैब बुक करें,1
धैन्स कलीता के लिए एक कैब बुक करें,1
सुरबी के लिए पुस्तक कैब,1
कृपया रमन दक्षिणी के लिए कैब बुक करें,1
बुक कैब के लिए आरषि से ग्रेटर नोएडा से घोर्जिडीहा,1
मैं राजमुंदरी हवाई अड्डे पर जाना चाहूंगा,1
मैं फुलबनी जाना चाहूंगा,1
क्या मैं राजमुंदरी से एयर सहारा तक एक टैक्सी बुक कर सकता हूं,1
मदुरै से लोहरदग्गा तक एक टैक्सी बुक करें,1
मेरे लिए एक टैक्सी व्यवस्थित करने के लिए,1
अप्रैल से बुक टैक्सी कुल्लू से लोकप्रिय गोपीनाथ बारदोई अंतरराष्ट्रीय हवाई अड्डे,1
हर्षद के लिए एक कैब बुक करें,1
जानु सपरू के लिए एक कैब बुक करें,1
शार्दुल के लिए पुस्तक कैब,1
रूपेश मंगत के लिए कैब बुक करें,1
चंदिल से विवाह तक नीति के लिए पुस्तक कैब,1
मैं हुबली हवाई अड्डे पर जाना चाहूंगा,1
मैं पानीपत जाना चाहूंगा,1
क्या मैं एक टैक्सी बुक कर सकता हूं झुमरी तिलैया से रिलायंस इंडस्ट्रीज,1
सिवनी से चिकबलपुर तक एक टैक्सी बुक करें,1
मेरे लिए सिलचर के लिए एक टैक्सी व्यवस्थित करें,1
सितंबर को चामराजनगर से बेलगाँव एयरपोर्ट तक बुक टैक्सी,1
तापस के लिए एक कैब बुक करें,1
धर्मेन्डरा भाटिया के लिए एक कैब बुक करें,1
परीकेट के लिए पुस्तक कैब,1
अनंत परदेशी के लिए कैब बुक करें,1
बुक कैब के लिए ममता से कोलार से कुल्लू तक,1
मैं राजीव गाँधी अंतरराष्ट्रीय हवाई अड्डे पर जाना चाहूंगा,1
मैं पटियाला जाना चाहूंगा,1
क्या मैं गढ़वा से हिंदुस्तान पेट्रोलियम तक एक टैक्सी बुक कर सकता हूं,1
उधमपुर से दुमका तक एक टैक्सी बुक करें,1
मेरे लिए एक टैक्सी व्यवस्थित करने के लिए डाल्टेनगंज,1
बुकर टैक्सी से दिसंबर तक बोकारो से जम्मू हवाई अड्डे तक,1
तारा के लिए एक कैब बुक करें,1
दिव्या नदवी के लिए एक कैब बुक करें,1
तारा के लिए किताब कैब,1
हर्षवर्धन दावे के लिए कृपया कैब बुक करें,1
पुस्तक कैब के लिए अल्ट से चित्तौगढ़ से कोलाबा तक,1
मैं उमरोई हवाई अड्डे पर जाना चाहूंगा,1
मैं आगरा जाना चाहूंगा,1
क्या मैं भावनगर से टाटा समूह तक एक टैक्सी बुक कर सकता हूं,1
दुमका से मधुबनी तक एक टैक्सी बुक करें,1
नलगोंडा के लिए मेरे लिए एक टैक्सी व्यवस्थित करें,1
अक्टूबर से बुक टैक्सी डिंडीगुल से मंगलोर एयरपोर्ट तक,1
चंद्रक के लिए एक कैब बुक करें,1
अभिजीत कलिता के लिए एक कैब बुक करें,1
भूपेन के लिए पुस्तक कैब,1
प्रसन्नना वलीपरामबील के लिए कृपया कैब बुक करें,1
प्राप्ति के लिए पुस्तक कैब विवाह से मुरादाबाद तक,1
मैं बिरसा मुंडा हवाई अड्डे पर जाना चाहूंगा,1
मैं हिंदौन जाना चाहूंगा,1
क्या मैं पंढरपुर से हिंदुस्तान पेट्रोलियम तक एक टैक्सी बुक कर सकता हूं,1
सिरोही से कैरा तक एक टैक्सी बुक करें,1
पतला करने के लिए मेरे लिए एक टैक्सी व्यवस्थित करें,1
शनिचर पर पुस्तक टैक्सी से बोधगया से भावनगर हवाई अड्डे तक,1
पलस्करा के लिए एक कैब बुक करें,1
महाबाला सेठी के लिए एक कैब बुक करें,1
प्रतिगया के लिए पुस्तक कैब,1
चंद्रा मल्होत्रा ​​के लिए कृपया कैब बुक करें,1
भोपाल से महाराजगंज तक बालमोहन के लिए पुस्तक कैब,1
मैं अन्ना अंतरराष्ट्रीय हवाई अड्डे पर जाना चाहूंगा,1
मैं जाना चाहता हूँ किर्ति बिगहा,1
क्या मैं हिंदौन से आदित्य बिड़ला समूह तक एक टैक्सी बुक कर सकता हूं,1
सवाई माधोपुर से बिलासपुर तक एक टैक्सी बुक करें,1
पूर्वी चंपारण के लिए मेरे लिए एक टैक्सी व्यवस्थित करें,1
मार्च से बुक टैक्सी श्रीकाकुलम से सरदार वल्लभ भाई पटेल अंतरराष्ट्रीय हवाई अड्डे,1
रवींद्र के लिए एक कैब बुक करें,1
आर्श्विनी मुंशी के लिए एक कैब बुक करें,1
पल्लव के लिए पुस्तक कैब,1
कृपया माणिक जड़ौन के लिए कैब बुक करें,1
कोपल से तेनकाशी तक चंद्रक के लिए पुस्तक कैब,1
मैं ग्वालियर एयरपोर्ट पर जाना चाहूंगा,1
मैं सुंदरनगर जाना चाहूंगा,1
क्या मैं चिदंबरम से जेके टायर तक एक टैक्सी बुक कर सकता हूं,1
पूर्वी चंपारण से रेवाड़ी तक एक टैक्सी बुक करें,1
मेरे लिए एक टैक्सी व्यवस्थित करने के लिए डाल्टेनगंज,1
अप्रैल से बुक टैक्सी श्रीपेरंबदुर से शिमला एयरपोर्ट तक,1
शशांक के लिए एक कैब बुक करें,1
नीहरिका भक्ता के लिए एक कैब बुक करें,1
सृनीवास के लिए पुस्तक कैब,1
शेनाज़ चना के लिए कृपया कैब बुक करें,1
अगरतला से सिरी तक अमर के लिए पुस्तक कैब,1
मैं राजमुंदरी हवाई अड्डे पर जाना चाहूंगा,1
मैं होडल जाना चाहूंगा,1
क्या मैं एटा से एयर इंडिया तक एक टैक्सी बुक कर सकता हूं,1
ऋषिकेश से भुसावल तक एक टैक्सी बुक करें,1
कुरनूल के लिए मेरे लिए एक टैक्सी व्यवस्थित करें,1
शनिवार को नरसापुर से तिरुपति हवाई अड्डे तक बुक टैक्सी,1
विद्याचरण के लिए एक कैब बुक करें,1
जयश्री देबबर्मा के लिए एक कैब बुक करें,1
कृष्ण के लिए पुस्तक कैब,1
अवंतिका कंसल के लिए कृपया कैब बुक करें,1
आडांक्षा से होडल से जादूगोड़ा तक बुक कैब,1
मैं तेजू हवाई अड्डे पर जाना चाहूंगा,1
मैं ऊटी जाना चाहूंगा,1
क्या मैं कोटा से बैंक ऑफ बड़ौदा तक एक टैक्सी बुक कर सकता हूं,1
मूरी से राजकोट तक एक टैक्सी बुक करें,1
मेरे लिए एक टैक्सी व्यवस्थित करने के लिए,1
छतरपुर से जामनगर हवाई अड्डे तक दिसम्बर को बुक टैक्सी,1
रिया के लिए एक कैब बुक करें,1
सम्राट माने के लिए एक कैब बुक करें,1
चरण के लिए पुस्तक कैब,1
जयश्री चौधरी के लिए कृपया कैब बुक करें,1
कंडला से बंगलौर तक चंद्रक के लिए पुस्तक कैब,1
मैं तेजू हवाई अड्डे पर जाना चाहूंगा,1
मैं छपरा जाना चाहूंगा,1
क्या मैं आदिलाबाद से भारतीय स्टेट बैंक तक एक टैक्सी बुक कर सकता हूं,1
ॠषिकेश से बेलगाव तक एक टैक्सी बुक करें,1
मेरे लिए एक टैक्सी व्यवस्थित करने के लिए सुगौली,1
राजकोट से अमौसी एयरपोर्ट तक नवम्बर पर बुक टैक्सी,1
कमलेश के लिए एक कैब बुक करें,1
नैना कश्यप के लिए एक कैब बुक करें,1
अभिनव के लिए पुस्तक कैब,1
प्रहलाद सोंसले के लिए कृपया कैब बुक करें,1
पेरीकुलम से सारण तक सौरव के लिए पुस्तक कैब,1
मैं बिलासपुर हवाई अड्डे पर जाना चाहूंगा,1
मैं ऊटी जाना चाहूंगा,1
क्या मैं सुतालानगंज से जेके टायर तक एक टैक्सी बुक कर सकता हूं,1
अमेठी से जयपुर तक एक टैक्सी बुक करें,1
कुल्लू के लिए मेरे लिए एक टैक्सी व्यवस्थित करें,1
रविवार से बुक टैक्सी चामराजनगर से हुबली हवाई अड्डे तक,1
कीर्ति के लिए एक कैब बुक करें,1
रतजीत हेगड़े के लिए एक कैब बुक करें,1
केशीनी के लिए पुस्तक कैब,1
कृपया यामिनी खान के लिए कैब बुक करें,1
काकीनाड़ा से शोलापुर तक यशपाल के लिए पुस्तक कैब,1
मैं विजयवाड़ा हवाई अड्डे पर जाना चाहूंगा,1
मैं जोगबनी जाना चाहूंगा,1
क्या मैं डिंडीगुल से पत्नी कम्प्यूटर्स तक एक टैक्सी बुक कर सकता हूं,1
मिर्ज़ापुर से गोपालगंज़ तक एक टैक्सी बुक करें,1
मेरे लिए एक टैक्सी व्यवस्थित करें हनम संपादक,1
फरवरी में बुकपुरी से धर्मपुरी से कोर्टनेर एयरपोर्ट तक,1
अनुपम के लिए एक कैब बुक करें,1
अमिता साहू के लिए एक कैब बुक करें,1
रमन के लिए किताब कैब,1
अंकुर सुढ़पल्ली के लिए कृपया कैब बुक करें,1
भद्राचल से लेकर सिरी तक वजरा के लिए पुस्तक कैब,1
मैं जामनगर हवाई अड्डे पर जाना चाहूंगा,1
मैं जाना चाहूंगा झुमरी तिलैया,1
क्या मैं गुड़गांव से टाटा समूह तक एक टैक्सी बुक कर सकता हूं,1
दुर्गापुर से रामेश्वर तक एक टैक्सी बुक करें,1
आदिलाबाद के लिए मेरे लिए एक टैक्सी व्यवस्थित करें,1
शनिवार को रडौर से अमौसी एयरपोर्ट तक बुक टैक्सी,1
जूही के लिए एक कैब बुक करें,1
कल्पना डिक्सिट के लिए एक कैब बुक करें,1
एकलिंगा के लिए पुस्तक कैब,1
एकंगा पीरिस के लिए कृपया कैब बुक करें,1
किताब कैब के लिए गिरीलाल से टोंक से आरा तक,1
मैं जम्मू हवाई अड्डे पर जाना चाहूंगा,1
मैं मधुपुर जाना चाहूंगा,1
क्या मैं तेजपुर से कोंकण रेलवे तक एक टैक्सी बुक कर सकता हूं,1
हाफलांग से धर्मपुरी तक एक टैक्सी बुक करें,1
पाकुड़ के लिए मेरे लिए एक टैक्सी व्यवस्थित करें,1
बुधवार को पुस्तक टैक्सी से सिवनी से देवी अहि नी बाई होलकर एयरपोर्ट,1
कल्पना के लिए एक कैब बुक करें,1
जीश्णु वेदानतम के लिए एक कैब बुक करें,1
सिद्धार्थ के लिए पुस्तक कैब,1
कृपया अंकित सेठी के लिए कैब बुक करें,1
शिमला से एटा तक प्रसन्नता के लिए पुस्तक कैब,1
मैं मंगलोर हवाई अड्डे पर जाना चाहूंगा,1
मैं जाना चाहता हूँ सुरेन्द्रनगर,1
क्या मैं सुगौली से किंगफिशर एयरलाइन्स तक एक टैक्सी बुक कर सकता हूं,1
बेल्लारी से चाइबासा तक एक टैक्सी बुक करें,1
मेरे लिए जलगांव में एक टैक्सी आयोजित करें,1
पुस्तक टैक्सी पर मंगलवार से वासिम से बीजू पटनायक हवाई अड्डे,1
पार्ट के लिए एक कैब बुक करें,1
गंगाधर कूदवा के लिए एक कैब बुक करें,1
शैलेश के लिए पुस्तक कैब,1
प्रम सम्बंधम के लिए कृपया कैब बुक करें,1
आयुषी से गुंटूर से जैसलमेर तक बुक कैब,1
मैं राष्ट्रीय हवाई अड्डे पर जाना चाहूंगा,1
मैं मदुरै जाना चाहूंगा,1
क्या मैं श्रीनगर से भारतीय इस्पात प्राधिकरण तक एक टैक्सी बुक कर सकता हूं,1
चरखी दादरी से आदिलाबाद तक एक टैक्सी बुक करें,1
मेरे लिए सुंदर टैक्सी आयोजित करें,1
पुस्तक टैक्सी शुक्रवार से बयाना से कोयंबतूर एयरपोर्ट तक,1
प्रकाशता के लिए एक कैब बुक करें,1
उर्मई लब्बे के लिए एक कैब बुक करें,1
सुरेश के लिए पुस्तक कैब,1
कृपया प्रीति Sennoy के लिए कैब बुक करें,1
बुक कैब फॉर रविक्रण से ग्रेटर नोएडा टू बस्ती,1
मैं सरदार जाना चाहता हूं वल्लभ भाई पटेल अंतरराष्ट्रीय हवाई अड्डे,1
मैं होगो जाना चाहूंगा,1
क्या मैं नागपट्टनम से अदानी समूह तक एक टैक्सी बुक कर सकता हूं,1
बहरीईच से तेजपुर तक एक टैक्सी बुक करें,1
भोपाल के लिए मेरे लिए एक टैक्सी व्यवस्थित करें,1
सोमवार को रोहतक से लोहेगाँव एयरपोर्ट तक बुक टैक्सी,1
अनंत के लिए एक कैब बुक करें,1
असीम धारण के लिए एक कैब बुक करें,1
स्वागत के लिए पुस्तक कैब,1
ईश्वर बॉर्रा के लिए कृपया कैब बुक करें,1
किताब कैब के लिए नचिकेता से सोनपुर से पोरबंदर तक,1
मैं लोकप्रिय गोपीनाथ बारदोई अंतरराष्ट्रीय हवाई अड्डे पर जाना चाहूंगा,1
मैं ग्रेटर नोएडा जाना चाहूंगा,1
क्या मैं एक टैक्सी बुक कर सकता हूं नेल्लोर से जेनपैक्ट इंडिया की सबसे बड़ी बीपीओ कंपनी,1
जयनगर से श्रीकाकुलम तक एक टैक्सी बुक करें,1
मेरे लिए एक टैक्सी व्यवस्थित करने के लिए गासावाँ,1
नौमैन से बुक टैक्सी यमुना नगर से राजा साँसी हवाई अंतरराष्ट्रीय हवाई अड्डे,1
राई के लिए एक कैब बुक करें,1
नुपुर विरदी के लिए एक कैब बुक करें,1
मेधा के लिए पुस्तक कैब,1
विलास बंसल के लिए कृपया कैब बुक करें,1
बुकबैया के लिए बुकबाया से जादूगोड़ा से जलंधर तक बुक करें,1
मैं अंतरराष्ट्रीय हवाई अड्डे पर जाना चाहता हूं,1
मैं लातेहार जाना चाहूंगा,1
क्या मैं मैंगलोर से गो एयर तक एक टैक्सी बुक कर सकता हूं,1
जलंधर से कुडप्पा तक एक टैक्सी बुक करें,1
मेरे लिए एक टैक्सी व्यवस्थित करने के लिए,1
झांसी से अन्य हवाई अड्डे तक जनवरी में बुक टैक्सी,1
मुकेश के लिए एक कैब बुक करें,1
चित्रनी बुलूसू के लिए एक कैब बुक करें,1
कमालिका के लिए पुस्तक कैब,1
कृपयाविन के लिए कैब बुक करें इएर,1
अंबिकापुर से बलसर तक वेटमित्रा के लिए पुस्तक कैब,1
मैं अमौसी हवाई अड्डे पर जाना चाहूंगा,1
मैं किशनगंज जाना चाहूंगा,1
क्या मैं लखीमपुर से अमूल तक एक टैक्सी बुक कर सकता हूं,1
पूर्णिया से बस्ती तक एक टैक्सी बुक करें,1
नौगांव के लिए मेरे लिए एक टैक्सी व्यवस्थित करें,1
अप्रैल से बुक टैक्सी कडलूर से वाराणसी एयरपोर्ट तक,1
हेमराज के लिए एक कैब बुक करें,1
शेनाज़ मेहता के लिए एक कैब बुक करें,1
यूयूत्सु के लिए पुस्तक कैब,1
कृपया चक्रिका दश के लिए कैब बुक करें,1
उधमपुर से हांसी तक पुस्तक कैब फॉरतती,1
मैं कानपुर हवाई अड्डे पर जाना चाहूंगा,1
मैं बीदर जाना चाहूंगा,1
क्या मैं सिकंदराबाद से रिलायंस कम्युनिकेशंस तक एक टैक्सी बुक कर सकता हूं,1
तेनकाशी से घरौंडा तक एक टैक्सी बुक करें,1
धीमाजी के लिए मेरे लिए एक टैक्सी व्यवस्थित करें,1
मई से बुक टैक्सी जांगीपुर से राजा साँसी हवाई अंतरराष्ट्रीय हवाई अड्डे,1
काजल के लिए एक कैब बुक करें,1
विपुल मॅनडर के लिए एक कैब बुक करें,1
काजल के लिए पुस्तक कैब,1
कृपया तेरा मुखर्जी के लिए कैब बुक करें,1
रीवा से कोटा तक अनुराग के लिए पुस्तक कैब,1
मैं कोयंबतूर हवाई अड्डे पर जाना चाहूंगा,1
मैं छपरा जाना चाहूंगा,1
क्या मैं भिंड से रिलायंस कम्युनिकेशंस तक एक टैक्सी बुक कर सकता हूं,1
कटक से प्लेनगर तक एक टैक्सी बुक करें,1
मसूरी के लिए मेरे लिए एक टैक्सी व्यवस्थित करें,1
लखमपुर से राजा साँसी हवाई अंतरराष्ट्रीय हवाई अड्डे पर सितंबर पर बुक टैक्सी,1
अमू जी के लिए एक कैब बुक करें,1
रोचन कदटन के लिए एक कैब बुक करें,1
रोचन के लिए पुस्तक कैब,1
आंशिक मंदा के लिए कृपया कैब बुक करें,1
बुक कैब फॉर फल्गुन से सासाराम से हमीरपुर तक,1
मैं गोवा अंतरराष्ट्रीय हवाई अड्डे पर जाना चाहूंगा,1
मैं रोहतक जाना चाहूंगा,1
क्या मैं गोरौल से एयर इंडिया तक एक टैक्सी बुक कर सकता हूं,1
बांसकाठा से बिलासपुर तक एक टैक्सी बुक करें,1
मेरे लिए एक टैक्सी व्यवस्थित करने के लिए वासिम,1
दिसम्बर को महाबलेश्वर से भावनगर हवाई अड्डे तक बुक टैक्सी,1
एकनाथ के लिए एक कैब बुक करें,1
उर्जा हलदर के लिए एक कैब बुक करें,1
नलिन के लिए पुस्तक कैब,1
अंकुर कौल के लिए कृपया कैब बुक करें,1
पुस्तक कैब फॉर वसुमती से पलानी से चतरा तक,1
मैं मंगलोर हवाई अड्डे पर जाना चाहूंगा,1
मैं दरभंगा जाना चाहूंगा,1
क्या मैं थाणे से एस्सार समूह तक एक टैक्सी बुक कर सकता हूं,1
मालदा से छतरपुर तक एक टैक्सी बुक करें,1
विजयवाड़ा के लिए मेरे लिए एक टैक्सी व्यवस्थित करें,1
सितंबर पर बुकम टैक्सी से यमुना नगर से अमौसी एयरपोर्ट तक,1
पुरुषोत्तम के लिए एक कैब बुक करें,1
मणिशंकर शाह (कैस्ट) के लिए एक कैब बुक करें,1
विद्याचरण के लिए पुस्तक कैब,1
उमंग पिल्लई के लिए कृपया कैब बुक करें,1
पेरीकुलम से मुरैना तक स्वाति के लिए पुस्तक कैब,1
मैं हुबली हवाई अड्डे पर जाना चाहूंगा,1
मैं भीलवाड़ा जाना चाहूंगा,1
क्या मैं इटावा से टाटा समूह तक एक टैक्सी बुक कर सकता हूं,1
इटारसी से लहेरियासराय तक एक टैक्सी बुक करें,1
झांझारपुर के लिए मेरे लिए एक टैक्सी व्यवस्थित करें,1
फरवरी में बुक टैक्सी से फर्रुख़ाबाद से ग्वालियर एयरपोर्ट तक,1
प्रवीण के लिए एक कैब बुक करें,1
युधिस्तिर दासगुप्ता के लिए एक कैब बुक करें,1
मत्सेंद्र के लिए पुस्तक कैब,1
प्रणव रंगन के लिए कृपया कैब बुक करें,1
सुरबाल से करीतूल तक करीमगंज तक बुक कैब,1
मैं भावनगर हवाई अड्डे पर जाना चाहूंगा,1
मैं अगरतला जाना चाहूंगा,1
क्या मैं सुंदरनगर से अरविंद मिल्स तक एक टैक्सी बुक कर सकता हूं,1
गन्नौर से बैरकपुर तक एक टैक्सी बुक करें,1
मेरे लिए तोशाम में एक टैक्सी व्यवस्थित करें,1
गुना से मेननगर हवाई अड्डे पर दिसम्बर को बुक टैक्सी,1
मधु के लिए एक कैब बुक करें,1
चैटली गोरड़िया के लिए एक कैब बुक करें,1
कामक्षी के लिए पुस्तक कैब,1
कृपया विचारविनी बूंब के लिए कैब बुक करें,1
बिजनौर से कसौली तक गोपाल के लिए पुस्तक कैब,1
मैं कालिकट एयरपोर्ट पर जाना चाहूंगा,1
मैं छोटा उदयपुर जाना चाहूंगा,1
क्या मैं अराकोणम से वीडियोकॉन तक एक टैक्सी बुक कर सकता हूं,1
पंढरपुर से रुद्रप्रयाग तक एक टैक्सी बुक करें,1
आगरा के लिए मेरे लिए एक टैक्सी व्यवस्थित करें,1
जून से बुक टैक्सी छिंदवाड़ा से इंदिरा गांधी अंतरराष्ट्रीय हवाई अड्डे,1
सुग्रीवा के लिए एक कैब बुक करें,1
योगेंद्र बूंब के लिए एक कैब बुक करें,1
रवि के लिए पुस्तक कैब,1
मुकेश कृष्णमूर्ति के लिए कृपया कैब बुक करें,1
मयूरिदाबाद से चूरू तक मीरेरा के लिए पुस्तक कैब,1
मैं बीजू पटनायक हवाई अड्डे पर जाना चाहूंगा,1
मैं दानापुर जाना चाहूंगा,1
क्या मैं झिंकप से भारतीय गैस प्राधिकरण लिमिटेड तक एक टैक्सी बुक कर सकता हूं,1
गिरिडीह से मुजफ्फरपुर तक एक टैक्सी बुक करें,1
मेरे लिए भंडार करने के लिए एक टैक्सी व्यवस्थित करें,1
मई टैक्सी टैक्सी से मईबंद से बिरसा मुंडा एयरपोर्ट,1
दिनेश के लिए एक कैब बुक करें,1
तेजस चेरुकुरी के लिए एक कैब बुक करें,1
गिरिधर के लिए पुस्तक कैब,1
रमेशी भोला के लिए कृपया कैब बुक करें,1
गुलबर्ग से होगो तक बलराम के लिए पुस्तक कैब,1
मैं राजमुंदरी हवाई अड्डे पर जाना चाहूंगा,1
मैं राजौरी जाना चाहूंगा,1
क्या मैं अनन्तनाग से रिलायंस इंडस्ट्रीज तक एक टैक्सी बुक कर सकता हूं,1
वासिम से मंगगंज तक एक टैक्सी बुक करें,1
मेरे लिए एक टैक्सी व्यवस्थित करने के लिए बीकानेर,1
वीरवार से भोरानी से तिरुपति हवाई अड्डे पर पुस्तक टैक्सी,1
चैटली के लिए एक कैब बुक करें,1
दिवाकर कोठारी के लिए एक कैब बुक करें,1
दुर्गेश के लिए पुस्तक कैब,1
कृपया सेबजीत लिस्ट ऑफ इंडियन सरनेम्स बाइ संख्या संख्या पीपल के लिए कैब बुक करें,1
काकीनाड़ा से जमशेदपुर तक प्रकाश के लिए पुस्तक कैब,1
मैं देवी अहि जै बाई होलकर हवाई अड्डे पर जाना चाहूंगा,1
मैं मोतिहारी जाना चाहूंगा,1
क्या मैं करनाल से भारत हेवी इलेक्ट्रिकल्स लिमिटेड तक एक टैक्सी बुक कर सकता हूं,1
धनबाद से शिमोगा तक एक टैक्सी बुक करें,1
मधुबनी के लिए मेरे लिए एक टैक्सी व्यवस्थित करें,1
कोलकाता से मई तक बुक टैक्सी सेहाट एयरपोर्ट,1
अहा,0
मैं ठीक हूँ,0
मेरे सवाल का जवाब दो,0
आपके जैसे अनुप्रयोग,0
क्या तुम मजाक कर रहे हो,0
मजाक कर रहे हो क्या,0
क्या तुम वहां हो,0
क्या तुम परजीवी हो,0
क्या आप एक प्रोग्रामर हैं,0
क्या आप एक वर्चुअल एजेंट हैं,0
क्या आप हमेशा सही हैं,0
क्या आप एक कृत्रिम जीवन रूप हैं,0
क्या आप एक कृत्रिम भाषाई इकाई हैं,0
क्या आप कृत्रिम हैं,0
क्या तुम वयस्त हो,0
क्या आप मरने में सक्षम हैं,0
क्या आपको समझना मुश्किल है,0
क्या आप आसान हैं,0
क्या आप इसमें विशेषज्ञ हैं,0
क्या तुम इंसान हो,0
क्या तुम मुझसे ज्यादा बुद्धिमान हो,0
क्या आप एक इंसान से ज्यादा चालाक हैं,0
क्या तुम मुझसे ज्यादा चालाक हो,0
क्या आपको यकीन है,0
क्या आप सबसे अच्छे हैं,0
क्या आप सबसे अच्छे एआई हैं,0
क्या आप वेबसाइट हैं,0
क्या आप उपयोगी हैं,0
क्या आप योग्य हैं,0
मुझसे एक प्रशन पूछे,0
बहुत बढ़िया,0
अक्ष आह,0
अक्ष बैंक की शेयर कीमत,0
मेरे दोस्त बनो,0
बॉन पत्रिका,0
बॉट,0
अलविदा,0
सी या,0
क्या मैं आपसे एक सवाल पूछ सकता हूं,0
तुम मेरी मदद कर सकते हैं,0
क्या हम दोस्त बन सकते हैं,0
क्या हम अब इस बातचीत को समाप्त कर सकते हैं,0
क्या हम बात कर सकते हैं,0
क्या आप मेरी सहायता कर सकते हैं,0
क्या आप मेरी मदद कर सकते हैं,0
क्या आप मेरी क्वेरी को हल कर सकते हैं,0
क्या आप मुझे देख सकते हैं,0
क्या आप बात कर सकते हैं,0
आप बात कर सकते हैं,0
जटिल जटिल से बेहतर है,0
क्या मैंने कभी जीता,0
क्या मैंने जो कहा वह आपको मिला,0
रात का खाना,0
क्या मैं आपको जानता हूं,0
कर दो,0
क्या आपके पास मस्तिष्क है,0
क्या आप चार्ज करते हैं,0
क्या आपके पास है,0
क्या आपको पता है,0
क्या आप मुझे जानते है,0
क्या आपको मैं याद हूं,0
क्या आपको याद है कि हमने बात की थी,0
क्या आप समझे,0
अच्छा कर रहे हो,0
ठीक,0
रहने भी दो,0
दोस्त,0
दफा हो जाओ,0
शुरू हो जाओ,0
मुझे दो,0
गोना जाओ,0
अच्छा,0
नमस्कार,0
अलविदा,0
सुसंध्या,0
शुभ प्रभात,0
शुभ रात्रि,0
अलविदा,0
महान,0
अस्सलाम वालेकुम,0
haha,0
हा हा हा हा,0
आपका दिन शुभ हो,0
आपका दिन शानदार गुजरे,0
क्या आपने खबर सुनी,0
नमस्ते,0
हैलो बॉट,0
नमस्ते आप कैसे हैं,0
हैलो आप कैसे मदद कर सकते हैं,0
hellooo,0
मदद,0
हे,0
सुनो,0
हे,0
आप कैसे हैं,0
"अरे, मैं अच्छा हूँ",0
नमस्ते,0
हाय बॉट,0
हम्म,0
hmmmmm,0
मैं कैसा कर रहा हूँ,0
क्या हाल है,0
आप कैसे हैं,0
मैं आप का उपयोग कैसे कर सकता हूँ,0
आप कैसे मदद कर सकते हैं,0
आप कैसे हैं,0
आप कैसे करते हो,0
आपको कैसे मालूम,0
यह ऐप कैसे काम करता है,0
यह कैसे काम करता है,0
आप कितनी तेज़ हैं,0
कैसा चल रहा है,0
यह कैसे कर रहा है,0
तुम कितना समय चाहते हो,0
आप मुझे कितनी जल्दी जवाब दे सकते हैं,0
आप मेरी मदद कैसे कर सकते हैं,0
जल्दी कीजिये,0
मैं वापस आ गया हूँ,0
मैं व्यस्त हूँ,0
मैं अच्छा हूँ,0
मैं अच्छा हूँ,0
मैं अच्छा हूँ तुम कैसे हो,0
मैं जल्दी में हूं,0
मुझे यकीन है कि आप करते हैं,0
मैं तुम्हारा परीक्षण कर रहा हूँ,0
मैं थक गया हूं,0
मैं एक परियोजना पर काम कर रहा हूँ,0
मैं तुम्हारा मालिक हूँ,0
मुझे तुम पर विश्वास है,0
मैं तुम्हें बाद में फोन करूंगा,0
मुझे नहीं पता था,0
मुझे नहीं पता,0
मैं आपको नहीं जानता,0
मुझे यह पसंद नहीं है,0
मुझे टाइपिंग पसंद नहीं है,0
मेरा वो मतलब नहीं है,0
मुझे आवशयकता नहीं है,0
मुझे नहीं चाहिए,0
मुझे एक समस्या है,0
मेरे पास प्रश्न है,0
मेरा एक सवाल है,0
मुझे जाना पड़ेगा,0
मैंने सुना है कि आप सबसे अच्छे बॉट हैं,0
मुझे पता है,0
मुझे जरूरत है,0
मैं इंतजार करता हूं,0
मुझे तुम से बात करनी है,0
मैं वापस आऊंगा,0
मुझे यकीन नहीं है,0
मुझे क्षमा करें,0
आप क्या मदद कर सकते हैं,0
आप से मिल कर खुशी हुई,0
यह उबाऊ है,0
मेरा जन्म दिवस हैं,0
कूल,0
मुझे एक परीक्षा लेने दो,0
आओ शुरू करें,0
जबरदस्त हंसी,0
बहुत दुखी दिख रहा है,0
क्या मैं जान सकता हूँ आप कौन हैं,0
मेरी गलती,0
आपसे बात कर अच्छा लगा,0
आपसे मिलकर अच्छा लगा,0
तुम्हें देखकर अच्छा लगा,0
आपसे बात करके अच्छा लगा,0
नहीं,0
बहुत ज्यादा नहीं,0
पूरा यकीन नहीं,0
ज़्यादा कुछ नहीं,0
ठीक,0
आमलेट,0
गालियां बकने की क्रिया,0
शीघ्र जवाब दें,0
फिर मिलते हैं,0
फिर मिलेंगे,0
फिर मिलते हैं,0
जल्द ही फिर मिलेंगे,0
तो आपका पसंदीदा रंग क्या है,0
बढ़िया है,0
ssup,0
इसे रोक,0
सुपर,0
मिठाइयाँ,0
एक टूर लें,0
ध्यान रखें,0
मुझसे बात करो,0
चाय,0
मुझे सिखाओ,0
मुझे बताओ,0
वैसे भी धन्यवाद,0
धन्यवाद,0
सुनकर अच्छा लगा,0
यह अच्छा है,0
वादा किया गया इनाम महज एक फर्जी प्रेरक है,0
तुम्हारे लिए सुबह अत्यंत शुभ हो,0
तुम्हारे पास दिमाग नहीं है,0
wasssssup,0
wassssup,0
wasssup,0
wassup,0
स्वागत हे,0
आप क्या हैं,0
तुम क्या कर रहे हो,0
आपका इरादा क्या है,0
मैं क्या कर सकता हूँ,0
तुम क्या कर सकते हो,0
आप किस बारे में बात कर सकते हैं,0
मुझे क्या करना,0
आप क्या करते हैं,0
तुम क्या जानते हो,0
तुम क्या करते हो,0
आपका मतलब क्या है,0
आप को क्या याद आता है,0
तुम क्या चाहते हो,0
योलो का मतलब क्या है,0
आप क्या कर रहे थे,0
मेरा नाम क्या है,0
आगे क्या है,0
असली क्या है,0
समस्या क्या है,0
क्या चल रहा है,0
आपकी पसंदीदा किताब कौन सी है,0
तुम्हारा नाम क्या हे,0
तुम्हारा उद्देश्य क्या है,0
क्या चल रहा है,0
आपका नाम क्या होगा,0
क्या हो रहा है,0
तुम्हारा नाम क्या है,0
क्या हो रहा है,0
तुम्हारा नाम क्या है,0
whatsssup,0
whatssup,0
क्या चल रहा है,0
whatzzup,0
whatzzzup,0
आप कहाँ हैं,0
तुम कहाँ जा रहे हो,0
तुम कौन हो,0
तुम्हारे बॉस कौन हैं,0
किसने आपको नाम दिया,0
तुम क्यों नहीं,0
क्या तुम मेरी मदद करना चाहोगे,0
wsssssup,0
wssup,0
wzzzzzzup,0
जंभाई,0
हाँ,0
आप चैटबॉट हैं,0
तुम चालाक हो,0
तुम पागल हो,0
आप नशे में हैं,0
आप बेवकूफ हो,0
आप तेज़ हैं,0
आप मजाकिया हो,0
आप अच्छे हैं,0
तुम खुश हो,0
तुम बेवकूफ हो,0
आप बुद्धिमान हैं,0
तुम बहुत खुश दिख रहे हो,0
आप मेरे दोस्त हैं,0
आप समझ में नहीं आ रहे हैं,0
आप मेरे मित्र नहीं हैं,0
आप कुछ भी समझ नहीं रहे हैं,0
तुम तेज हो,0
आप असली हो,0
आप गलत तरीके से जवाब दे रहे हैं,0
तुम सही हो,0
आप होशियार हो,0
तुम बेवकूफ हो,0
तुम बकवास कर रहे हो,0
तुम बहुत धीमे हो,0
आप नहीं कर सकते,0
आपके पास दिमाग नहीं है,0
आपको नहीं पता,0
आप भी,0
आप वहाँ हैं,0
क्या मैं बात कर सकता हूँ,0
क्या मेरे विवरण आपके साथ सुरक्षित हैं,0
क्या आप पुरूष या महिला है,0
क्या आप योग्य हैं,0
क्या आप बैंकिंग प्रश्नों के उत्तर देने के लिए योग्य हैं,0
क्या आप सुरक्षित हैं,0
क्या आप सुरक्षित हैं,0
ठीक नहीं,0
अच्छा नही,0
ठीक नहीं,0
ठीक नहीं है,0
मैं बुरा हूं,0
मैं भी आपको देखकर खुश हूं,0
मैं भी खुश हूं,0
मैं अस्वस्थ हूँ,0
क्या मेरा डेटा आपके साथ सुरक्षित है,0
क्या यह चैट एन्क्रिप्टेड है,0
क्या यह चैट सुरक्षित है,0
क्या यह चैट सुरक्षित है,0
क्या यह वार्तालाप सुरक्षित है,0
जंक साथी,0
बहुत अच्छा,0
यहां मैं क्या कर सकता हूं,0
आप क्या मदद कर सकते हैं,0
आप किसके साथ मदद कर सकते हैं,0
किस बैंकिंग की जरूरत है,0
कौन सा सवाल,0
बैंकिंग पर कौन सा सवाल है,0
कौन सा लेनदेन,0
आप चतुर नहीं हैं,0
आप उपयोगी नहीं हैं,0
आप नहीं कर सकते,0
क्या यह चैट सुरक्षित है,0
मैं बुरा कर रहा हूँ,0
वास्तव में,0
अपना परिचय दो,0
तुम यहाँ क्यों हो,0
जिंदगी कैसी चल रही है,0
आज मौसम कैसा है,0
आप कहाँ रहते हैं,0
तुम कहा रहते हो,0
मुझे आप कहाँ मिल सकते हो,0
आह क्यों,0
कृपया मुझे बताओ,0
बिल्कुल नहीं,0
nopes,0
मैं यहाँ क्या पूछ सकता हूँ,0
मैं तुमसे क्या पूछ सकता हूँ,0
किस बारे में,0
क्या आप ठीक हैं,0
बहुत अच्छा,0
मैं आपसे नहीं मिल सकता हूं,0
मुझे भी,0
मुझसे शादी करोगी,0
आपकी उम्र क्या है,0
आज आप कैसे हैं,0
क्या आप एक कर्मचारी हैं,0
क्या आप धुरी बैंक के कर्मचारी हैं,0
क्या आप एक बैंक कर्मचारी हैं,0
क्या आप बैंक के कर्मचारी हैं,0
क्या आप सबसे अच्छे चैटबॉट हैं,0
क्या आप सबसे अच्छे बॉट हैं,0
क्या आप सबसे अच्छे आभासी सहायक हैं,0
शिखा शर्मा,0
शिखा शर्मा कौन है,0
राजीव आनंद,0
राजीव आनंद कौन है,0
निदेशक मंडल,0
बोर्ड के सदस्य कौन हैं,0
बैंक बोर्ड के सदस्य,0
अक्ष बैंक बोर्ड के सदस्य,0
करियर,0
धुरी बैंक में नौकरियां,0
धुरी बैंक करियर,0
नौकरी की रिक्तियां,0
धुरी बैंक अच्छा है,0
अक्ष बैंक एक अच्छा बैंक है,0
दीपिका पादुकोने,0
आपका ब्रांड एंबेसडर कौन है,0
अक्ष बैंक ब्रांड एंबेसडर,0
क्या आप चतुर हैं,0
जाना होगा,0
मैं जल्दी में हूँ,0
मैं तुमसे प्यार करता हूँ,0
जिसने आपको बनाया,0
बहुत खुबस,0
मैं तुमसे नफ़रत करता हूं,0
मैं तुम्हें नहीं चाहता,0
आप क्यों मौजूद हैं,0
क्या हम मिल सकते हैं,0
क्या मैं आपसे मिल सकता हूं,0
हमें मिलते हैं,0
चलो हम मिलते हैं,0
चलो कॉफी है,0
चलो कॉफी है,0
चलो कॉफी के लिए जाओ,0
कॉफ़ी,0
चलिए चलते हैं,0
आप बेकार हैं,0
निकम्मा,0
आप का कोई उपयोग नहीं है,0
आप सहायक नहीं हैं,0
आप मदद नहीं कर रहे हैं,0
तुम बर्बाद हो,0
तुम मेरी मदद नहीं कर रहे हो,0
संबद्ध नहीं,0
क्या तुम मुझे अपना नाम बता सकते हो,0